ID,Start_Date,End_Date,Duration_Days,Cadence_Deviation,Event,Description,Update_Date
1,01/01/2025,01/01/2025,1,,Independence Day: Haiti,,20250826T1348
2,01/01/2025,01/01/2025,1,,Liberation Day: Cuba,,20250826T1348
3,01/01/2025,01/01/2025,1,,National Day: Sudan,,20250826T1348
4,01/01/2025,01/01/2025,1,,New Year's Day,New Year’s Day is the first day of the Gregorian calendar. It is often celebrated with fireworks and parades.,20250826T1348
5,01/01/2025,02/01/2025,2,,Feast of St Basil,"St Basil is considered one of the great leaders and thinkers of the Orthodox Christian Church. In many Greek homes, a special cake is baked on the eve of St Basil’s Day with a gold or silver coin hidden inside. Similar traditions exist for Western Christian Churches.",20250826T1348
6,04/01/2025,04/01/2025,1,,"Independence Day: Myanmar, Republic of The Union Of",,20250826T1348
7,06/01/2025,06/01/2025,1,,Epiphany,Epiphany commemorates the manifestation of God in human form as Jesus Christ.,20250826T1348
8,06/01/2025,06/01/2025,1,,Gurpurab of Guru Gobind Singh Ji,"Sikh communities celebrate the birthday of the 10th Guru, Guru Gobind Singh (born in 1666).",20250826T1348
,07/01/2025,07/01/2025,1,,Orthodox Christmas (Christianity),"Orthodox Christmas is celebrated by around 260 million people globally. Orthodox Christians celebrate Christmas on January 7, following the Julian calendar.",20250826T1348
9,07/01/2025,07/01/2025,1,,The Holy Nativity Feast (Nativity of Christ),Orthodox Churches that use the Julian Calendar celebrate Christmas on this day. Some traditions observe a week-long period of holidays from 1 January.,20250826T1348
10,14/01/2025,14/01/2025,1,,Thai Pongal,"Thai Pongal is a multi-day Hindu harvest festival celebrated by Tamils in India and Sri Lanka. It is observed at the start of the month Thai in the Tamil solar calendar, and is dedicated to the Hindu sun god Surya.",20250826T1348
,14/01/2025,17/01/2025,3,,Pongal (Hinduism - Tamil  people in India & Sri Lanka),Pongal is a four-day harvest festival celebrated as a giving ceremony for the year’s harvest.,20250826T1348
11,19/01/2025,19/01/2025,1,,Epiphany (Orthodox),Epiphany commemorates the manifestation of God in human form as Jesus Christ.,20250826T1348
12,19/01/2025,19/01/2025,1,,World Religion Day,World Religion Day is observed in over 80 countries. It aims to foster interfaith understanding and harmony by emphasising the common elements to all religions.,20250826T1348
,19/01/2025,19/01/2025,1,,World Religion Day (Interfaith),"Observed in over 80 countries, the Day aims to foster interfaith understanding and harmony by emphasising  the common elements underlying all religions. ",20250826T1348
,19/01/2025,09/02/2025,21,,Midsumma Festival (Australia) ,"‘Midsumma is Australia’s premier queer arts and cultural organisation, bringing together a diverse mix of LGBTQIA+ artists, performers, communities and audiences’.",20250826T1348
13,26/01/2025,26/01/2025,1,,Australia Day,"Australia Day provides an opportunity for all Australians to reflect, respect and celebrate. It is about acknowledging the contribution every Australian makes to our diverse nation, from Aboriginal and Torres Strait Islander peoples who have been here for more than 65,000 years, to those whose families have come through the waves of migration over more recent centuries.",20250826T1348
14,26/01/2025,26/01/2025,1,,Australia Day: Australia,,20250826T1348
,26/01/2025,26/01/2025,1,,Invasion / Survival Day (Australia Day),"For some Australians, particularly among Aboriginal and Torres Strait Islander people, 26 January, commonly celebrated as Australia Day is not a day of celebration. Rather, it is seen as a day that commemorates the invasion by British settlers of lands already owned.",20250826T1348
15,27/01/2025,27/01/2025,1,,International Holocaust Remembrance Day,"Holocaust Remembrance Day is a memorial for the six million Jews killed by the Nazis between 1933 and 1945. Many people of Jewish and other faiths observe this day. It was designated by a United Nations General Assembly resolution on 1 November 2005. Many countries have instituted their own Holocaust Memorial Days. Other Holocaust memorial days, such as Israel's Yom HaShoah, are observed at other times of the year.",20250826T1348
16,29/01/2025,29/01/2025,1,,Chinese Lunar New Year (Year of the Snake),"For Chinese communities across the world, the Lunar New Year is one of the most important holidays of the year. It is celebrated through a range of traditional customs. These include ancestor worship, family gatherings, special foods and gift exchanges.",20250826T1348
17,29/01/2025,29/01/2025,1,,Lunar New Year,Various East and Southeast Asian cultures and traditions celebrate Lunar New Year. Family gatherings are common features across cultures. People travel from near and far to be with loved ones in time to welcome the new year.,20250826T1348
,29/01/2025,29/01/2025,1,,Lunar New Year ,,20250826T1348
18,29/01/2025,29/01/2025,1,,Seollal (Korean Lunar New Year – Year of the Snake),"Known in the Koreas as Seollal, Lunar New Year typically lasts three days (the day before and after the New Year). Centred on charye – paying respect to elders – the new year is a time to remember a shared heritage and look forward to the future.",20250826T1348
19,29/01/2025,29/01/2025,1,,Tet (Vietnamese Lunar New Year – Year of the Wood Snake),"Tet is considered the first day of Vietnam’s spring, a time marked by new beginnings. Tet includes ancestor worship, family gatherings, special foods and gift exchanges.",20250826T1348
,29/01/2025,12/02/2025,14,,"Lunar New Year / Spring Festival (Chinese Chunjie; Vietnamese Tet Festival, Korean Solnal; Tibetan Losar; etc.)","The Spring Festival marks a new year on the Lunar Calendar. It is celebrated in several Asian countries. Buddhist, Confucian, and Taoist practitioners celebrate this festival.",20250826T1348
20,31/01/2025,31/01/2025,1,,National Day: Nauru,,20250826T1348
,01/02/2025,07/02/2025,6,,World Interfaith Harmony Week (International),"Proclaimed by the UN General Assembly in 2010, World Interfaith Harmony week was conceived to  promote a culture of peace and harmony between all people regardless of their faith. ",20250826T1348
,01/02/2025,28/02/2025,27,,Ramadan (Islam),"The holy month of Ramadan commemorates the revelation of the Qur’an to the Prophet Muhammad. Throughout this month, Muslims fast during daylight hours, celebrate an evening meal with family and friends, pray and show charity to the poor. The date varies every year as per the Islamic Calendar.",20250826T1348
21,04/02/2025,04/02/2025,1,,Independence Commemoration Day: Sri Lanka,,20250826T1348
22,06/02/2025,06/02/2025,1,,Waitangi Day,The national day of New Zealand is the anniversary of the initial signing of the Treaty of Waitangi.,20250826T1348
23,06/02/2025,06/02/2025,1,,Waitangi Day: New Zealand,,20250826T1348
24,07/02/2025,07/02/2025,1,,Independence Day: Grenada,,20250826T1348
,10/02/2025,10/02/2025,1,,Royal Hobart Regatta,Tasmania regional holiday,20250826T1348
25,11/02/2025,11/02/2025,1,,Victory of the Islamic Revolution in Iran: Iran (Islamic Republic Of),,20250826T1348
26,12/02/2025,12/02/2025,1,,Lantern Festival (Yuanxiao Festival),"The Chinese Lantern Festival is held on the 15th day of the first lunar month, two weeks after Chinese New Year. It marks the first full moon of the new lunar year and the end of the Chinese New Year (Spring Festival) period.",20250826T1348
,12/02/2025,12/02/2025,1,,Magha Puja Day (Buddhism),"Also known as Sangha Day, this day celebrates the community of followers of the teachings of Buddha (Theravada tradition).",20250826T1348
27,12/02/2025,12/02/2025,1,,Makha Bucha (Magha Puja),"Makha Bucha is a Buddhist Festival celebrated in Cambodia, Laos, Thailand and Myanmar on the full moon day of the third lunar month.",20250826T1348
,13/02/2025,13/02/2025,1,,Anniversary of National Apology Day,"On 13 February 2008, Prime Minister Kevin Rudd delivered the National Apology to Australia's Aboriginal peoples and Torres Strait Islander peoples for the injustices of past government policies, particularly to the Stolen Generations.",20250826T1348
,13/02/2025,13/02/2025,1,,Anniversary of National Apology Day (Australia),"On 13 February 2008, Prime Minister Kevin Rudd delivered the National Apology to Australia's Aboriginal peoples and Torres  Strait Islander peoples  for the injustices of past government policies, particularly to the Stolen Generations. ",20250826T1348
28,13/02/2025,13/02/2025,1,,Anniversary of the Apology to members of the Stolen Generations,"On 13 February 2008, the Australian Parliament made a formal apology to members of the Stolen Generation.",20250826T1348
,13/02/2025,13/02/2025,1,,Anniversary of the Apology to members of the Stolen Generations ,,20250826T1348
,14/02/2025,14/02/2025,1,,Valentine's Day ,,20250826T1348
29,15/02/2025,15/02/2025,1,,National Day: Serbia,,20250826T1348
30,15/02/2025,15/02/2025,1,,Nirvana Day (Parinirvana Day),Nirvana Day is an annual Buddhist festival that remembers the death of the Buddha when he reached Nirvana at the age of 80.,20250826T1348
31,16/02/2025,16/02/2025,1,,Independence Day: Lithuania,,20250826T1348
32,17/02/2025,17/02/2025,1,,Independence Day: Kosovo,,20250826T1348
33,18/02/2025,18/02/2025,1,,National Day: The Gambia,,20250826T1348
34,20/02/2025,20/02/2025,1,,World Day of Justice,World Day of Justice aims to promote justice issues across the globe. It includes efforts to tackle poverty exclusion and unemployment. It also aims to foster solidarity in pursuit of social development and justice within and among nations.,20250826T1348
,20/02/2025,20/02/2025,1,,World Day of Social Justice ,,20250826T1348
35,21/02/2025,21/02/2025,1,,International Mother Language Day,The United Nations’ International Mother Language Day celebrates linguistic and cultural diversity.,20250826T1348
,21/02/2025,21/02/2025,1,,International Mother Language Day ,The Day celebrates language diversity and variety worldwide. Its purpose is 'to promote the preservation and protection of all languages  used by peoples of the world.' ,20250826T1348
36,22/02/2025,22/02/2025,1,,National Day: Saint Lucia,,20250826T1348
37,23/02/2025,23/02/2025,1,,Emperor's Birthday: Japan,,20250826T1348
38,23/02/2025,23/02/2025,1,,National Day: Brunei Darussalam,,20250826T1348
39,23/02/2025,23/02/2025,1,,National Day: Guyana,,20250826T1348
40,24/02/2025,24/02/2025,1,,Independence Day: Estonia,,20250826T1348
41,24/02/2025,02/03/2025,7,,Masnytsia/Maslenitsa,Masnytsia/Maslenitsa is an Eastern Slavic religious and folk festival. It has roots in the Slavic pagan tradition of bidding farewell to winter. It is widely celebrated in various Eastern Slavic communities during the last week before Great Lent.,20250826T1348
42,25/02/2025,25/02/2025,1,,National Day: Kuwait,,20250826T1348
43,26/02/2025,26/02/2025,1,,Maha Shivaratri,"Maha Shivaratri is a festival honouring the Hindu god, Lord Shiva.",20250826T1348
44,27/02/2025,27/02/2025,1,,Independence Day: Dominican Republic,,20250826T1348
45,27/02/2025,29/03/2025,31,,Ramadan,"Ramadan is the most auspicious month in the Islamic Calendar. It is the month the first verses of the Qur’an were revealed to the Prophet Muhammad. During Ramadan, Muslims around the world fast from sunrise to sunset. This date is confirmed by religious authorities closer to the date.",20250826T1348
46,28/02/2025,02/03/2025,3,,Lhosar (Tibetan New Year),"Lhosar is a festival in Tibetan Buddhism, celebrated on various dates depending on location (Tibet, Bhutan, Nepal and India). It is a new year's festival, celebrated on the first day of the lunisolar Tibetan calendar. This corresponds to a date in February or March in the Gregorian calendar.",20250826T1348
,28/02/2025,30/03/2025,30,,Ramadan ,,20250826T1348
,01/03/2025,01/03/2025,1,,Disability Day of Mourning (International) ,Every year the disability community comes together to remember the victims of filicide. Vigils are held in cities around the world.,20250826T1348
47,01/03/2025,01/03/2025,1,,St David’s Day,"St David is the patron saint of Wales. St David’s Day has been a national celebration for the Welsh community since the 18th century. Celebrations feature parades, festivities and singing.",20250826T1348
,01/03/2025,01/03/2025,1,,Zero Discrimination Day (International),"The day celebrates the right of everyone to live a full and productive life - and live it with dignity.  The Day highlights how people can  become informed about and promote inclusion, compassion, peace and, above all, a movement for change.",20250826T1348
,02/03/2025,02/03/2025,1,,Clean Up Australia Day ,,20250826T1348
,02/03/2025,15/03/2025,13,,NSW Seniors Festival ,,20250826T1348
48,03/03/2025,03/03/2025,1,,National Day: Bulgaria,,20250826T1348
49,04/03/2025,04/03/2025,1,,Shrove Tuesday,Shrove Tuesday is the English name for the last day before Lent in the Christian calendar. Many Christian communities mark this day by participating in confession and absolution. It can also include the ritual burning of the previous year's Holy Week palms and finalising one's Lenten sacrifice. Other activities include eating pancakes and other sweets. In some countries it is known as Mardi Gras (French for 'Fat Tuesday'). In Spanish and Portuguese countries it is called Carnival. Famous celebrations include the Brazilian Carnival in Rio De Janeiro and the New Orleans Mardi Gras.,20250826T1348
50,05/03/2025,05/03/2025,1,,Ash Wednesday (Lent begins),Ash Wednesday is the first day of Lent in the Christian calendar. Lent involves 40 days of fasting and reflection that concludes with Easter.,20250826T1348
51,06/03/2025,06/03/2025,1,,Independence Day: Ghana,,20250826T1348
,07/03/2025,07/03/2025,1,,International Women's Day ,"A global day celebrating the social, economic, cultural  and political achievements of women.",20250826T1348
52,08/03/2025,08/03/2025,1,,International Women’s Day,"International Women's celebrates the social, economic, cultural and political achievements of women.",20250826T1348
,08/03/2025,08/03/2025,1,,International Women’s Day ,,20250826T1348
,10/03/2025,10/03/2025,1,,Adelaide Cup,South Australia regional holiday,20250826T1348
,10/03/2025,10/03/2025,1,,Canberra Day,Australian Capital Territory regional holiday,20250826T1348
,10/03/2025,10/03/2025,1,,Eight Hour Day,Tasmania regional holiday,20250826T1348
53,12/03/2025,12/03/2025,1,,National Day: Mauritius,,20250826T1348
54,13/03/2025,13/03/2025,1,,"Anniversary, Pontifical Ministry of His Holiness Pope Francis: Holy See",,20250826T1348
55,13/03/2025,14/03/2025,2,,Purim,"Purim commemorates the time when the Jewish people living in the ancient Achaemenid Persian empire were saved from extermination by a courageous young Jewish woman named Esther and her uncle and adviser Mordechai. As with other Jewish holy days, Purim is commemorated from sunset.",20250826T1348
56,14/03/2025,14/03/2025,1,,Holi (Festival of Colours),Holi is a Hindu festival celebrated since ancient times to welcome spring and is seen as a new beginning. People cover each other with coloured water and bright powders.,20250826T1348
,14/03/2025,14/03/2025,1,,World Sleep Day ,"World Sleep Day celebrates the benefits of good and healthy sleep and draws attention to the burden of sleep problems and their medical, educational, and social aspects. ",20250826T1348
57,17/03/2025,17/03/2025,1,,St Patrick’s Day,This day is Ireland’s National Day. St Patrick is the patron saint of Ireland. He brought Christianity to Ireland in the early days of the faith.,20250826T1348
,17/03/2025,17/03/2025,1,,St Patrick’s Day ,,20250826T1348
58,17/03/2025,17/03/2025,1,,St Patrick's Day: Ireland,,20250826T1348
,17/03/2025,23/03/2025,6,,"Cultural Diversity Week (Victoria, Australia)","Cultural Diversity Week features a program of festivals and events highlighting Victoria’s cultural, linguistic and religious diversity. ",20250826T1348
,17/03/2025,23/03/2025,6,,Harmony Week ,,20250826T1348
59,17/03/2025,23/03/2025,7,,Harmony Week,"Harmony Week celebrates the cohesive and inclusive nature of our diverse nation. Schools, community groups and organisations across Australia host Harmony Week events.",20250826T1348
,18/03/2025,18/03/2025,1,,World Social Work Day ,,20250826T1348
60,19/03/2025,20/03/2025,2,,Naw-Ruz,"Naw-Ruz is the Baha’i New Year, marking the first day in the Baha’i calendar. The festival is usually observed with meetings for prayer and celebration. It is often combined with a feast at sunset before Naw-Ruz to signal the end of a 19-day fast.",20250826T1348
61,20/03/2025,20/03/2025,1,,Anniversary of the Independence of the Republic of Tunisia: Tunisia,,20250826T1348
,20/03/2025,20/03/2025,1,,International Day of Happiness ,,20250826T1348
62,20/03/2025,20/03/2025,1,,National Close the Gap Day,National Close the Gap Day aims to raise awareness about the health and life expectancy gap between Indigenous and non-Indigenous Australians.,20250826T1348
,20/03/2025,20/03/2025,1,,National Close the Gap Day,"National Close the Gap Day, observed on the third Thursday in March, raises awareness and seeks to close the gap with respect to life expectancy, child mortality, educational and employment outcomes between Aboriginal peoples and Torres Strait Islander peoples, and non-Indigenous Australians.",20250826T1348
,20/03/2025,20/03/2025,1,,National Close the Gap Day ,,20250826T1348
,20/03/2025,20/03/2025,1,3rd Thursday in March,National Close the Gap Day (Australia),The campaign seeks to close the gap in health and  life expectancy outcomes  between Aboriginal and Torres Strait Islander  peoples and non-Indigenous Australians  within a generation. ,20250826T1348
,20/03/2025,20/03/2025,1,date varies with countries,"Naw-Ruz, Nowruz (Baha'i)","Naw Ruz is the Baha’i New Year festival, marking the first day in the Baha’i calendar. It also marks the end of the 19-day Baha’i Fast and symbolises the new life of spring. Work is suspended on this day.",20250826T1348
63,20/03/2025,20/03/2025,1,,Nowruz New Year,"Nowruz means ‘new day’ in Farsi. It is a traditional festival of spring that has been celebrated for more than 3000 years. The ancient celebration of Nowruz is shared by many peoples from Iran, Afghanistan, Iraq, and others in the Black Sea basin, the Balkans, the Caucasus and Western, Central and Southern Asia. This festival has a number of different spellings.",20250826T1348
64,21/03/2025,21/03/2025,1,,Independence Day: Namibia,,20250826T1348
65,21/03/2025,21/03/2025,1,,International Day for the Elimination of Racial Discrimination,"The International Day for the Elimination of Racial Discrimination is observed on 21 March. On that day in 1960, police opened fire at a peaceful demonstration in Sharpeville, South Africa, against the apartheid pass laws; 69 people were killed, and 180 were injured.",20250826T1348
,21/03/2025,21/03/2025,1,,International Day for the Elimination of Racial Discrimination ,"Also known as ‘End racism day’, it is ‘observed annually on the day the police in Sharpeville, South Africa, opened fire and killed 69 people at a peaceful demonstration against apartheid “pass laws” in 1960’. ",20250826T1348
,21/03/2025,21/03/2025,1,,International Day for the Elimination of Racial Discrimination ,,20250826T1348
,21/03/2025,21/03/2025,1,,World Down Syndrome Day ,Celebrates the lives and achievements of people with Down syndrome. The Day provides an opportunity to raise awareness about the rights and inclusion of people with Down syndrome. ,20250826T1348
66,23/03/2025,23/03/2025,1,,National Day: Pakistan,,20250826T1348
67,23/03/2025,23/03/2025,1,,Shaheed Day,Bangladesh holds Shaheed Day each year in memory of the bravery and death of Dhaka University students who fought to keep Bengali as the national language.,20250826T1348
68,25/03/2025,25/03/2025,1,,Independence Day: Greece,,20250826T1348
69,26/03/2025,26/03/2025,1,,Independence Day: Bangladesh,,20250826T1348
,30/03/2025,30/03/2025,1,expected,Eid al-Fitr (Islam),"Also called the “Festival of Breaking the Fast”, is a religious holiday celebrated by Muslims worldwide that marks the end of Ramadan.",20250826T1348
70,30/03/2025,30/03/2025,1,,Ugadi (Telugu New Year),"Ugadi or Yugadi, also known as Samvatsarādi (meaning 'beginning of the year'), is New Year's Day according to the Hindu calendar. It is celebrated in the states of Andhra Pradesh, Telangana, Karnataka, Tamil Nadu and Goa in India.",20250826T1348
71,30/03/2025,31/03/2025,2,,Eid al Fitr,"The Islamic month of fasting, Ramadan, ends with the festival of Eid al Fitr. A celebratory meal breaks the fast, and good deeds have special significance during this time. Eid is also a time of forgiveness and making amends. The observance is subject to the sighting of the moon.",20250826T1348
,31/03/2025,31/03/2025,1,,Eid-al-Fitr ,,20250826T1348
,31/03/2025,31/03/2025,1,,International Transgender Day of Visibility ,"Trans Day of Visibility is an annual international celebration of trans pride and awareness, recognising trans and gender diverse experiences and achievements. ",20250826T1348
72,01/04/2025,01/04/2025,1,,Kha b-Nisan (Assyrian and Chaldean New Year),"Assyrians and Chaldeans mark Kha b-Nisan, also known as Akitu, at the beginning of spring in the Northern hemisphere. Celebrated by indigenous Assyrians of Northern Iraq, North-eastern Syria, South-eastern Türkiye and North-western Iran.",20250826T1348
,02/04/2025,02/04/2025,1,,World Autism Awareness Day (Jainism),The Day 'recognises and celebrates the rights of persons with autism'. ,20250826T1348
73,04/04/2025,04/04/2025,1,,Independence Day: Senegal,,20250826T1348
74,04/04/2025,04/04/2025,1,,Qingming (Tomb Sweeping Day),Qingming is a time for Chinese people to show respect to their ancestors by visiting and cleaning their ancestors' tombs.,20250826T1348
75,07/04/2025,07/04/2025,1,,Hung Vuong Festival,"The Hung Kings' Temple Festival is a Vietnamese festival held from the eighth to the eleventh day of the third lunar month in honour of the Hung Vuong or Hung Kings. The Festival commemorates the contributions of the Hung dynasty, who were the traditional founders of the nation and the first emperors of Vietnam. Since 2007 this has been a national holiday in Vietnam.",20250826T1348
,07/04/2025,07/04/2025,1,,World Health Day ,,20250826T1348
76,08/04/2025,08/04/2025,1,,Hana Matsuri (Flower Festival),"In Japan, Buddha’s Birthday is celebrated on 8 April. The day features the display of flowers at temples and the viewing of cherry blossoms throughout the country.",20250826T1348
,09/04/2025,17/04/2025,8,,NSW Youth Week ,,20250826T1348
,10/04/2025,10/04/2025,1,,Mahavir Jayanti ,This festival celebrates the day of Mahavira’s birth. Jains will gather in temples to hear readings of the teachings of Mahavira. Images of Mahavira are paraded through the streets with much pomp and ceremony.,20250826T1348
77,12/04/2025,12/04/2025,1,,Hanuman Jayanti,Hanuman Jayanti is a Hindu religious festival that celebrates the birth of the Hindu God Hanuman. Hanuman is highly venerated throughout India and Nepal. This festival is celebrated on different days across India.,20250826T1348
,12/04/2025,20/04/2025,8,,Passover (Judaism),Passover is one of the most important religious festivals in the Jewish calendar. Jews celebrate the Feast of Passover (Pesach) to commemorate the liberation of the Children of Israel who were led out of Egypt by Moses.,20250826T1348
78,12/04/2025,21/04/2025,10,,Passover,Passover is the first and most significant of the Jewish pilgrim festivals. It celebrates the redemption by God of the Jewish people from slavery in Egypt. Work is not permitted on the first two and last two days. Many Jews refrain from work during the whole festival.,20250826T1348
79,13/04/2025,13/04/2025,1,,Palm Sunday,The final Sunday before Easter Sunday marks the beginning of Christian Holy Week and commemorates the story of Jesus’ arrival in Jerusalem before his crucifixion.,20250826T1348
,13/04/2025,13/04/2025,1,,Songkran - Thai New Year (Buddhism),"Also known as the Water Festival. The festival is celebrated in Laos, Cambodia, and Myanmar.",20250826T1348
80,13/04/2025,15/04/2025,3,,Songkran (Thai New Year),"Songkran is the Thai New Year and Water Festival. Thai communities celebrate this festival with food, crafts and entertainment. Songkran begins on 13 April yearly and is recognised as a national holiday.",20250826T1348
81,13/04/2025,16/04/2025,4,,Pii Mai (Lao New Year),"Lao New Year or Pii Mai is celebrated every year. The coming of the New Year isseen as an opportunity to let go of the past and embrace a promising new future. Water, which holds great symbolic value in Lao culture, is used to wash Buddha statues. Sand is brought to the temple grounds and is made into stupas or mounds, then decorated before being given to the monks as a way of making merit. People also splash water on each other during the celebrations that last three days.",20250826T1348
82,13/04/2025,16/04/2025,4,,Thingyan (Burmese New Year),"Thingyan is the most significant festival on the Myanmar calendar. It marks the start of the New Year, the beginning of the Myanmar lunar calendar and celebrates life and rebirth.",20250826T1348
83,14/04/2025,14/04/2025,1,,Aluth Avurudda (Sinhalese New Year),Aluth Ayurudda is a festival that marks the beginning of the solar New Year. It is traditionally celebrated by Sinhalese in Sri Lanka.,20250826T1348
84,14/04/2025,14/04/2025,1,,Maithil New Year,"Maithil New Year is celebrated by communities in various parts of India, including Tamil Nadu, Assam, Bengal, Kerala, Manipur, Orissa, Punjab and Tripura. It is also celebrated in Nepal.",20250826T1348
85,14/04/2025,14/04/2025,1,,Navavarsha (Nepalese New Year),"Nepal relies upon more than one calendar. As such, residents of Nepal enjoy three New Year celebrations. These are the New Year on the Gregorian calendar, Tibetan New Year and Navavarsha. Navavarsha is typically held in the second week of April, the first day of Baisakh on the Bikram Sambat calendar. Nepal also celebrates the lunar new year (Sonam Lhosar) with a public holiday.",20250826T1348
86,14/04/2025,14/04/2025,1,,Puthandu (Tamil New Year),"Puthandu, also known as Puthu-varusham, is the beginning of the solar new year. It is celebrated by Tamils around the world.",20250826T1348
87,14/04/2025,14/04/2025,1,,Vaisakhi,"Vaisakhi, also known as Baisakhi, is an ancient harvest festival that marks the beginning of a new solar year and harvest season. It is commonly celebrated by the Sikh community.",20250826T1348
,14/04/2025,14/04/2025,1,,Vaisakhi (Baisakhi) - Sikh New Year Festival (Sikhism),"Vaisakhi is the most important occasion in the Sikh calendar. Sikhs come together on Vaisakhi to strengthen their practice of Sikh ideals and values, including praying and working to achieve prosperity for the whole human race.",20250826T1348
88,14/04/2025,16/04/2025,3,,Choul Chnam Thmey (Cambodian/Khmer New Year),"Khmer New Year is usually a three-day public holiday in Cambodia. 'Choul Chnam Thmey' means 'enter the new year'. The New Year coincides with the traditional solar new year in several parts of India, Bangladesh, Nepal, Sri Lanka, Myanmar, Laos and Thailand. Traditionally it marks the end of the harvesting season when farmers enjoy the fruits of their labour before the rainy season begins. A three-day public holiday is observed in the country.",20250826T1348
89,15/04/2025,15/04/2025,1,,Pohela Boishakh (Bengali New Year),Pohela Boishakh marks the first day of the Bangla Calendar. People clean and decorate their houses to welcome the New Year. They visit temples and pray for good fortune and prosperity in the coming year.,20250826T1348
90,17/04/2025,17/04/2025,1,,Maundy Thursday (Holy Thursday),"Maundy commemorates the washing of the feet (Maundy) and the Last Supper of Jesus Christ with the Apostles, as described in the Christian New Testament. In 2025, Protestant, Catholic and Orthodox Christians commemorate this on the same date.",20250826T1348
91,17/04/2025,17/04/2025,1,,National Day: Syrian Arab Republic,,20250826T1348
92,18/04/2025,18/04/2025,1,,Good Friday,"Good Friday is a solemn Christian remembrance of the suffering and crucifixion of Jesus Christ. Many countries observe Good Friday as a national holiday on the Friday before Easter. In 2025, Protestant, Catholic and Orthodox Christians commemorate this on the same date.",20250826T1348
,18/04/2025,18/04/2025,1,,Good Friday (Christianity),"Also known as Holy Friday; it is a religious and national holiday in Australia and is held on the Friday before Easter Sunday. On this day, Christians commemorate the crucifixion of Jesus Christ.",20250826T1348
93,18/04/2025,18/04/2025,1,,National Day: Zimbabwe,,20250826T1348
94,19/04/2025,19/04/2025,1,,Holy Saturday,"Holy Saturday is a Christian commemoration of the final day of Christ’s death. It is associated with traditions regarding Christ’s triumphant descent into hell and a 40-hour-long vigil that followers of Jesus Christ held after his burial on Good Friday. In 2025, Protestant, Catholic and Orthodox Christians commemorate this on the same date.",20250826T1348
95,20/04/2025,20/04/2025,1,,Easter Sunday,"Easter Sunday is regarded by Christians as the day of the resurrection of Jesus Christ. In 2025, Protestant, Catholic and Orthodox Christians commemorate this on the same date.",20250826T1348
,20/04/2025,20/04/2025,1,,Easter Sunday (Christianity),"Easter Sunday is a religious and national holiday in Australia. On this day, Christians commemorate the resurrection of Jesus Christ following his death by crucifixion.",20250826T1348
,20/04/2025,20/04/2025,1,,Orthodox Easter (Christianity),"Orthodox Easter Sunday follows the Julian calendar, rather than the Gregorian calendar used by most western countries and Christian denominations.",20250826T1348
96,20/04/2025,01/05/2025,12,,Ridvan,"Ridvan is the most significant festival of the Baha’i faith and is celebrated over 12 days. The First Day of Ridvan is the most important of the Baha’i Holy Days. It is the day Baha’u’lláh declared his mission as a messenger of God in the Garden of Ridvan. The festival’s first, ninth and twelfth days are considered significant days and work is suspended.",20250826T1348
97,21/04/2025,21/04/2025,1,,Easter Monday,"Easter Monday is the day after Easter Sunday in Eastern or Western Christian traditions. The day marks the resurrection of Jesus Christ three days after his crucifixion. In 2025, Protestant, Catholic and Orthodox Christians commemorate this on the same date.",20250826T1348
,22/04/2025,22/04/2025,1,,Earth Day ,,20250826T1348
98,23/04/2025,23/04/2025,1,,St George’s Day,"St George is the patron saint of England and one of the most venerated saints in the Anglican church. This day is generally celebrated with parades, dancing and other celebratory activities.",20250826T1348
,23/04/2025,24/04/2025,1,,Yom HaShoah (Judaism),Yom HaShoah (Holocaust Remembrance Day) is a day set aside to remember the millions of Jews who died as victims of the Nazis during World War II and emphasises respect for human dignity.,20250826T1348
99,25/04/2025,25/04/2025,1,,ANZAC Day,"ANZAC stands for Australian and New Zealand Army Corps. ANZAC Day is an anniversary of the day when Australian and New Zealand soldiers landed in Galipoli in 1915 as part of the Allies' invasion. It is a public holiday to recognise the contribution and sacrifices of all those who have served Australia in time of war and in war like conflicts. The day is observed with the dawn service, marches and ceremonies across Australia and New Zealand.",20250826T1348
,25/04/2025,25/04/2025,1,,"ANZAC Day (Australia, New Zealand)","On 25 April 1915,  Australian and New Zealand soldiers formed part of the allied expedition that set out to capture the Gallipoli peninsula. These became known as Anzacs, and the pride they took in that name continues to this day. ",20250826T1348
100,26/04/2025,26/04/2025,1,,"Union Day: Tanzania, United Republic Of",,20250826T1348
101,27/04/2025,27/04/2025,1,,Freedom Day: South Africa,,20250826T1348
102,27/04/2025,27/04/2025,1,,Independence Day: Sierra Leone,,20250826T1348
103,27/04/2025,27/04/2025,1,,Official Birthday of His Majesty King Wilem-Alexander: Netherlands,,20250826T1348
104,27/04/2025,27/04/2025,1,,Togolais National Day: Togo,,20250826T1348
105,01/05/2025,01/05/2025,1,,National Day: Marshall Islands,,20250826T1348
106,03/05/2025,03/05/2025,1,,National Day: Poland,,20250826T1348
107,05/05/2025,05/05/2025,1,,Cinco de Mayo,Cinco de Mayo marks the anniversary of the 1862 victory over invading French forces by Mexican troops at the Battle of Puebla. It is an important day of celebration of Mexican culture.,20250826T1348
108,08/05/2025,08/05/2025,1,,National Day: Israel,,20250826T1348
109,09/05/2025,09/05/2025,1,,Europe Day: European Union,,20250826T1348
,12/05/2025,12/05/2025,1,dates vary among Buddhist communities,"Wesak or Vesak Day (Buddhism - Indonesia, Malaysia, Sri Lanka)","Vesak celebrates the birth, enlightenment and death of the Buddha on the one day. It is recognised by the UN ‘to acknowledge the contribution that Buddhism, one of the oldest religions in the world, has made for over two and a half millennia and continues to make to the spirituality of humanity’.",20250826T1348
,12/05/2025,18/05/2025,6,,Neighbourhood Centre Week ,,20250826T1348
110,14/05/2025,14/05/2025,1,,National Day: Paraguay,,20250826T1348
,15/05/2025,15/05/2025,1,,Global Accessibility Awareness Day (GAAD) ,"The purpose of GAAD is to get everyone talking, thinking and learning about digital access and inclusion, and the more than One Billion people with disabilities/impairments.",20250826T1348
111,17/05/2025,17/05/2025,1,,Constitution Day: Norway,,20250826T1348
,17/05/2025,17/05/2025,1,,"IDAHOBIT (International Day Against Homophobia, Biphobia, Intersexism & Transphobia) ",,20250826T1348
,17/05/2025,17/05/2025,1,,"International Day Against Homophobia, Biphobia, Interphobia and Transphobia (IDAHOBIT) ",People are encouraged to wear the rainbow on 17 May and use the day as a 'catalyst for creating safe spaces for LGBTIQ people all year round!' ,20250826T1348
,19/05/2025,25/05/2025,6,,National Volunteer Week ,,20250826T1348
112,20/05/2025,20/05/2025,1,,Dehwa Daymaneh,This date marks the Mandean celebration of the birthday of Yahya Yohana (John the Baptist).,20250826T1348
113,20/05/2025,20/05/2025,1,,National Day: Cameroon,,20250826T1348
114,20/05/2025,20/05/2025,1,,Restoration of Independence: Timor-Leste,,20250826T1348
115,21/05/2025,21/05/2025,1,,World Day for Cultural Diversity for Dialogue and Development,"In 2001, UNESCO adopted the Universal Declaration on Cultural Diversity. In December 2002, the UN General Assembly, in its resolution 57/249, declared 21 May to be the World Day for Cultural Diversity for Dialogue and Development.",20250826T1348
,21/05/2025,21/05/2025,1,,World Day for Cultural Diversity for Dialogue and Development ,"Aims to acknowledge the cultural dimension of development, affirm and enrich cultural identity, broaden participation in cultural life and promote international cultural cooperation. ",20250826T1348
116,22/05/2025,22/05/2025,1,,Unification Day: Yemen,,20250826T1348
117,22/05/2025,23/05/2025,2,,Declaration of the Báb,This date marks the anniversary of the Báb’s announcement of his mission in 1844. The Báb is a prophet and is considered one of the founders of the Baha’i faith.,20250826T1348
118,23/05/2025,23/05/2025,1,,Vesak Day or Buddha Day,"Vesak or Buddha Day is an important day of celebration for Buddhists around the world. The holiday is celebrated to commemorate the Buddha’s birth, enlightenment and death. The date varies by region and tradition.",20250826T1348
119,24/05/2025,24/05/2025,1,,Ecuador's Independence Day: Ecuador,,20250826T1348
120,24/05/2025,24/05/2025,1,,Independence Day: Eritrea,,20250826T1348
121,25/05/2025,25/05/2025,1,,Africa Day: Africa Union,,20250826T1348
122,25/05/2025,25/05/2025,1,,Independence Day: Jordan,,20250826T1348
123,25/05/2025,25/05/2025,1,,National Day: Argentina,,20250826T1348
124,26/05/2025,26/05/2025,1,,King's Birthday: Denmark,,20250826T1348
125,26/05/2025,26/05/2025,1,,National Day: Georgia,,20250826T1348
126,26/05/2025,26/05/2025,1,,National Sorry Day,"National Sorry Day acknowledges and raises awareness of the history and continued effect of the forced removal of Aboriginal and Torres Strait Islander people from their families, communities and culture.",20250826T1348
,26/05/2025,26/05/2025,1,,National Sorry Day,"National Sorry Day provides an opportunity for people to come together and share the journey towards healing for the Stolen Generations, their families and communities.",20250826T1348
,26/05/2025,26/05/2025,1,,National Sorry Day ,,20250826T1348
,26/05/2025,26/05/2025,1,,National Sorry Day (Australia),"Provides an opportunity for people to come together and share the journey towards healing for the Stolen Generations, their families and communities. The idea of holding a ‘Sorry Day’ was first mentioned as one of the 54 recommendations of the Bringing Them Home report (1997). ",20250826T1348
,27/05/2025,27/05/2025,1,,1967 Referendum Anniversary,"The 1967 Referendum was a landmark achievement following decades of activism by Aboriginal and Torres Strait Islander and non-Indigenous people, where more than 90 percent of Australians voted in favour of amending two sections of the Australian Constitution.",20250826T1348
215,27/05/2025,28/05/2025,2,,Ascension of Baha’u’lláh,"Ascension of Baha’u’lláh commemorates the anniversary of the death in 1892 of Baha'u'lláh, the founder of the Baha'i faith. This solemn anniversary is a day of rest and is often observed by reading or chanting from the scriptures. Many pilgrims visit the Baha'i shrines and tomb in Israel to pray. The Baha'i day ends and a new one begins at sunset. Consequently, the day on which a Feast or Holy Day is observed starts at sundown of the day before the Gregorian calendar dates listed.",20250826T1348
,27/05/2025,03/06/2025,7,,National Reconciliation Week,National Reconciliation Week celebrations commemorate two significant milestones in the reconciliation journey-the anniversaries of the successful 1967 Referendum and the High Court Mabo Decision.,20250826T1348
,27/05/2025,03/06/2025,7,,National Reconciliation Week ,,20250826T1348
,27/05/2025,03/06/2025,7,,National Reconciliation Week (Australia),"A time for all Australians to learn about our shared histories, cultures, and achievements, and to explore how each of us can contribute to achieving reconciliation. The Week commemorates two significant milestones - the anniversaries of the 1967 Referendum and the High Court Mabo Decision.",20250826T1348
127,27/05/2025,03/06/2025,8,,National Reconciliation Week,National Reconciliation Week celebrates and builds on the respectful relationships shared by Aboriginal and Torres Strait Islander people and other Australians.,20250826T1348
128,28/05/2025,28/05/2025,1,,National Day: Azerbaijan,,20250826T1348
129,28/05/2025,28/05/2025,1,,National Day: Ethiopia,,20250826T1348
130,29/05/2025,29/05/2025,1,,Ascension of Christ,"A Christian holiday that commemorates Jesus Christ's ascension into heaven, according to Christian belief.",20250826T1348
131,30/05/2025,30/05/2025,1,,Statehood Day: Croatia,,20250826T1348
132,31/05/2025,31/05/2025,1,,Dano Festival,Dano is an official holiday in both North and South Korea to celebrate the ending of spring as the summer season is welcomed. The day marks the beginning of growing season when the farmers have finished seeding and planting and the Yang energy is at its highest. ,20250826T1348
133,31/05/2025,31/05/2025,1,,Dragon Boat Festival,"Dragon Boat Festival (Duanwu Jie or Double Fifth Festival) commemorates the death of the Chinese poet Qu Yuan. It is celebrated in China, Taiwan, Malaysia, Singapore and parts of Indonesia. Cultural events involve eating rice dumplings and traditional dragon boat racing.",20250826T1348
134,01/06/2025,01/06/2025,1,,Independence Day: Samoa,,20250826T1348
135,01/06/2025,03/06/2025,3,,Shavuot,Shavuot is a Jewish celebration of Moses’s descent from Mount Sinai with the Ten Commandments. It is the second of the Jewish pilgrim festivals. Some Jews refrain from working on Shavuot.,20250826T1348
,01/06/2025,30/06/2025,29,,Pride Month (International),"Pride Month celebrates the diversity of the lesbian, gay, bisexual, transgender and intersex community. ",20250826T1348
136,02/06/2025,02/06/2025,1,,Foundation of the Republic: Italy,,20250826T1348
,02/06/2025,02/06/2025,1,,Reconciliation Day,Australian Capital Territory regional holiday,20250826T1348
,02/06/2025,02/06/2025,1,,Western Australia Day,Western Australia regional holiday,20250826T1348
137,03/06/2025,03/06/2025,1,,Mabo Day,"The Australian High Court delivered the Mabo decision on 3 June 1992, providing legal recognition that Indigenous people have a special relationship with the land. This decision paved the way for land rights known as native title. Mabo Day celebrates the life of activist Eddie Koiki Mabo.",20250826T1348
,03/06/2025,03/06/2025,1,,Mabo Day,"On 3 June 1992, the High Court of Australia overturned the principle of terra nullius or ‘nobody's land’ as claimed by the British when they first arrived in this country. The decision has paved the way for Native Title legislation.",20250826T1348
,03/06/2025,03/06/2025,1,,Mabo Day (Australia),"The Day ‘commemorates the courageous efforts of Eddie Koiki Mabo to overturn the fiction of ‘terra nullius’ (land belonging to no-one), the legal concept that Australia and the Torres Strait Islands were not owned by Indigenous peoples because they did not ‘use’ the land in ways Europeans believed constituted some kind of legal possession’. The decision paved the way for Native Title legislation. ",20250826T1348
138,04/06/2025,09/06/2025,6,,"The Hajj (Pilgrimage) to Mecca, Saudi Arabia","On specific days of the Islamic month of Zu Al-Hijja, millions of Muslims from around the world congregate in the Prophet’s birthplace of Mecca in Saudi Arabia. The Hajj is obligatory for all Muslims who have the means to undertake it.",20250826T1348
,05/06/2025,05/06/2025,1,,World Environment Day ,,20250826T1348
,06/06/2025,06/06/2025,1,,Eid Al-Adha (International),"Eid Al-Adha, also known as 'the Feast of the Sacrifice', is one of the two major Muslim festivals. ",20250826T1348
139,06/06/2025,06/06/2025,1,,National Day: Sweden,,20250826T1348
140,06/06/2025,10/06/2025,5,,Eid al Adha,The Eid al Adha means Feast of Sacrifice and commemorates the ordeal of Ibrahim (Abraham) who was asked to sacrifice his only son to prove his faith to Allah (God). The timing of this event is subject to the sighting of the moon) and runs for three to four days.,20250826T1348
141,08/06/2025,08/06/2025,1,,Pentecost,"A festival where Christians celebrate the gift of the Holy Spirit. It is celebrated on the Sunday 50 days after Easter. The name comes from the Greek pentekoste, which means ‘fiftieth’.",20250826T1348
,09/06/2025,15/06/2025,6,,Men’s Health Week ,,20250826T1348
142,10/06/2025,10/06/2025,1,,"Portugal Day, Camões Day and Day of Portuguese Communities: Portugal",,20250826T1348
143,12/06/2025,12/06/2025,1,,Independence Day: Philippines,,20250826T1348
144,12/06/2025,12/06/2025,1,,National Day: Russian Federation,,20250826T1348
,15/06/2025,15/06/2025,1,,Elder Abuse Awareness Day ,,20250826T1348
,15/06/2025,21/06/2025,6,,Refugee Week ,,20250826T1348
,15/06/2025,21/06/2025,6,,Refugee Week (Australia),"Since early 1945, more than seven million people have come to Australia as new settlers, including around 800 000 people under humanitarian programs, initially as displaced persons and more recently as refugees.  ",20250826T1348
145,15/06/2025,21/06/2025,7,,Refugee Week,Refugee Week is celebrated around the country. It is an opportunity to acknowledge the success of refugees and humanitarian entrants in Australian society.,20250826T1348
146,17/06/2025,17/06/2025,1,,National Day: Iceland,,20250826T1348
147,18/06/2025,18/06/2025,1,,National Day: Seychelles,,20250826T1348
148,20/06/2025,20/06/2025,1,,Matariki,Matariki is a New Zealand national holiday to celebrate the first rising of the Pleiades star cluster. This marks the beginning of the new year in the Māori lunar calendar.,20250826T1348
,20/06/2025,20/06/2025,1,,Matariki (New Zealand),"The rising of Matariki, the star cluster commonly known as Pleiades, signals the beginning of the Māori New Year.",20250826T1348
149,20/06/2025,20/06/2025,1,,World Refugee Day,This day honours refugees and celebrates the strength and courage of people forced to flee their home country to escape conflict or persecution.,20250826T1348
,20/06/2025,20/06/2025,1,,World Refugee Day ,"‘The Day celebrates the strength and courage of people who have been forced to flee their home country to escape conflict or persecution.' World Refugee Day 'shines a light on the rights, needs and dreams of refugees, helping to mobilise political will and resources so refugees can not only survive but also thrive’. ",20250826T1348
,20/06/2025,20/06/2025,1,,World Refugee Day ,,20250826T1348
150,23/06/2025,23/06/2025,1,,National Day and Official Birthday of HRH the Grand Duke: Luxembourg,,20250826T1348
151,25/06/2025,25/06/2025,1,,Independence Day: Mozambique,,20250826T1348
152,25/06/2025,25/06/2025,1,,National Day: Slovenia,,20250826T1348
153,26/06/2025,26/06/2025,1,,National Day: Madagascar,,20250826T1348
154,27/06/2025,27/06/2025,1,,Al Hijri (Islamic New Year),"According to the lunar or Islamic Calendar, Al Hijri (Al Hijrah in Arabic) is the Islamic New Year observed on the first day of Muharram. Muharram is the Islamic Calendar’s first month of the year and is the second holiest month after Ramadan.",20250826T1348
155,27/06/2025,27/06/2025,1,,Independence Day: Djibouti,,20250826T1348
156,30/06/2025,30/06/2025,1,,Independence Day: Democratic Republic of the Congo,,20250826T1348
157,01/07/2025,01/07/2025,1,,Canada Day: Canada,,20250826T1348
,01/07/2025,01/07/2025,1,,Coming of the Light,The Coming of the Light is celebrated annually by Torres Strait Islander peoples. It marks the adoption of Christianity through island communities during the late nineteenth century.,20250826T1348
,01/07/2025,01/07/2025,1,,Coming of the Light (Australia),"Celebrated annually by Torres Strait Islander peoples, it marks the adoption of Christianity through island communities during the late 19th century. ",20250826T1348
158,01/07/2025,01/07/2025,1,,Coming of the Light Festival,The Coming of the Light is celebrated by Torres Strait Islanders. It commemorates the arrival of the London Missionary Society on Erub Island in the Torres Strait in 1871. It led to the adoption of Christianity through island communities during the late 19th century.,20250826T1348
159,01/07/2025,01/07/2025,1,,International Tartan Day,"International Tartan Day is a celebration of Scottish heritage. It commemorates the repeal of an English law in 1782 that banned the wearing of tartan. In North America, this day is celebrated on 6 April, the date the Declaration of Arbroath was signed in 1320.",20250826T1348
160,01/07/2025,01/07/2025,1,,National Day: Burundi,,20250826T1348
161,01/07/2025,01/07/2025,1,,National Day: Somalia,,20250826T1348
162,03/07/2025,03/07/2025,1,,National Day: Belarus,,20250826T1348
163,04/07/2025,04/07/2025,1,,Independence Day: United States of America,,20250826T1348
164,05/07/2025,05/07/2025,1,,Liberation Day: Rwanda,,20250826T1348
165,05/07/2025,05/07/2025,1,,National Day: Cape Verde,,20250826T1348
166,05/07/2025,05/07/2025,1,,National Day: Venezuela,,20250826T1348
167,05/07/2025,06/07/2025,2,,Ashura,"For Sunni Muslims, Ashura marks Noah's departure from the ark and the exodus of Moses from Egypt. It is usually marked by a day of non-obligatory fasting. For Shia Muslims, it marks the anniversary of the martyrdom of Prophet Muhammad's grandson Hussein in Karbala, Iraq. It is commemorated with public processions.",20250826T1348
168,06/07/2025,06/07/2025,1,,National Day: Comoros,,20250826T1348
169,06/07/2025,06/07/2025,1,,National Day: Malawi,,20250826T1348
,06/07/2025,13/07/2025,7,,NAIDOC Week,"NAIDOC Week celebrations are held across Australia to celebrate history, culture and achievements of Aboriginal peoples and Torres Strait Islander peoples.",20250826T1348
,06/07/2025,13/07/2025,7,,NAIDOC Week ,,20250826T1348
,06/07/2025,13/07/2025,7,,NAIDOC Week (Australia),"National Aborigines and Islanders Day Observance Committee (NAIDOC) Week celebrations are held to celebrate the history, culture and achievements of Aboriginal and Torres Strait Islander peoples. The week is an excellent opportunity to participate in a range of activities and to support your local Aboriginal and Torres Strait Islander community.",20250826T1348
170,06/07/2025,13/07/2025,8,,NAIDOC Week,"National Aboriginal and Islanders Day Observance Committee (NAIDOC) Week is held annually in early July. It is a time to celebrate Aboriginal and Torres Strait Islander history, culture and achievements. It is an opportunity to recognise Indigenous Australians’ contributions to our country and society. This year’s theme is ‘Keep the Fire Burning! Blak, Loud & Proud’.",20250826T1348
171,07/07/2025,07/07/2025,1,,National Day: Solomon Islands,,20250826T1348
172,09/07/2025,09/07/2025,1,,Independence Day: South Sudan,,20250826T1348
173,10/07/2025,10/07/2025,1,,Asalha Puja (Dhamma Day),Asalha Puja Day or the Dhamma Day celebrates the first teaching of the Buddha. This Buddhist event commemorates the first sermon delivered by the Buddha after his enlightenment. This event is one of the most important festivals for Theravada Buddhists.,20250826T1348
174,10/07/2025,10/07/2025,1,,Independence Day: Bahamas,,20250826T1348
175,11/07/2025,11/07/2025,1,,Anniversary of Mongolian People's Revolution: Mongolia,,20250826T1348
176,12/07/2025,12/07/2025,1,,National Day: Kiribati,,20250826T1348
177,12/07/2025,12/07/2025,1,,National Day: Sao Tome and Principe,,20250826T1348
178,13/07/2025,13/07/2025,1,,National Day: Montenegro,,20250826T1348
179,14/07/2025,14/07/2025,1,,Bastille Day: France,,20250826T1348
,14/07/2025,14/07/2025,1,,International Non-Binary People's Day ,Held precisely in between International Men’s Day and International Women’s Day. ,20250826T1348
180,19/07/2025,21/07/2025,3,,Karsa (Mandaean New Year),Karsa marks the beginning of a new year for Mandaeans and is spent and celebrated with family. It begins at dusk and ends 36 hours later.,20250826T1348
181,20/07/2025,20/07/2025,1,,National Day: Colombia,,20250826T1348
182,21/07/2025,21/07/2025,1,,Accession of King Leopold I (1831): Belgium,,20250826T1348
183,23/07/2025,23/07/2025,1,,Anniversary of Revolution of 23 July: Egypt,,20250826T1348
184,26/07/2025,26/07/2025,1,,National Day: Liberia,,20250826T1348
185,26/07/2025,26/07/2025,1,,National Day: Maldives,,20250826T1348
186,28/07/2025,28/07/2025,1,,Independence Day: Peru,,20250826T1348
187,30/07/2025,30/07/2025,1,,Independence Day: Vanuatu,,20250826T1348
,30/07/2025,30/07/2025,1,,International Day of Friendship ,"The day was proclaimed in 2011 by the UNGA ‘with the idea that friendship between peoples, countries, cultures and individuals can inspire peace efforts and build bridges between communities.’ ",20250826T1348
188,30/07/2025,30/07/2025,1,,Throne Day: Morocco,,20250826T1348
189,01/08/2025,01/08/2025,1,,Foundation of the Swiss Confederation: Switzerland,,20250826T1348
190,01/08/2025,01/08/2025,1,,National Day: Benin,,20250826T1348
,04/08/2025,04/08/2025,1,,Bank Holiday,New South Wales bank holiday,20250826T1348
191,04/08/2025,04/08/2025,1,,Constitution Day: Cook Islands,,20250826T1348
,04/08/2025,04/08/2025,1,,National Aboriginal & Torres Strait Islander Children's Day (Australia),"NAICD is an opportunity for all Australians to learn about the crucial impact that community, culture and family play in the life of every Aboriginal and Torres Strait Islander child. It was first observed by the Secretariat of National Aboriginal and Islander Child Care in 1988. ",20250826T1348
192,04/08/2025,04/08/2025,1,,National Aboriginal and Torres Strait Islander Children’s Day,National Aboriginal and Torres Strait Islander Children’s Day (NAICD) is a celebration of Indigenous children. NAICD was first observed by the Secretariat of National Aboriginal and Islander Child Care (SNAICC) in 1988.,20250826T1348
,04/08/2025,04/08/2025,1,,National Aboriginal and Torres Strait Islander Children’s Day ,,20250826T1348
,04/08/2025,04/08/2025,1,,National Aboriginal and Torres Strait Islander Children's Day,"National Aboriginal and Torres Strait Islander Children's Day is an opportunity for all Australians to learn about the crucial impact that community, culture and family play in the life of every Aboriginal and Torres Strait Islander child.",20250826T1348
,04/08/2025,04/08/2025,1,,Picnic Day,Northern Territory regional holiday,20250826T1348
,04/08/2025,10/08/2025,6,,Homelessness Week ,,20250826T1348
,04/08/2025,10/08/2025,6,,Loneliness Awareness Week ,,20250826T1348
193,06/08/2025,06/08/2025,1,,Hiroshima Day,"Hiroshima Day commemorates those who lost their lives in the bombing of Hiroshima, Japan on 6 August 1945, and to pray for lasting world peace.",20250826T1348
194,06/08/2025,06/08/2025,1,,Independence Day: Bolivia,,20250826T1348
195,06/08/2025,06/08/2025,1,,National Day: Jamaica,,20250826T1348
196,07/08/2025,07/08/2025,1,,National Day: Côte d’Ivoire,,20250826T1348
197,09/08/2025,09/08/2025,1,,International Day of the World’s Indigenous Peoples,The United Nations’ International Day of the World’s Indigenous Peoples encourages people to protect and promote the rights of indigenous peoples.,20250826T1348
,09/08/2025,09/08/2025,1,,International Day of the World's Indigenous Peoples,"On this day, people from around the world are encouraged to spread the United Nation's message on the protection and promotion of the rights of Indigenous peoples.",20250826T1348
,09/08/2025,09/08/2025,1,,International Day of the World's  Indigenous People ,Observed annually to promote and protect the rights of the world’s Indigenous population. This event also recognises the achievements and contributions that Indigenous people make to improve world issues such as environmental protection. ,20250826T1348
198,09/08/2025,09/08/2025,1,,Nagasaki Day,Nagasaki Day commemorates the victims of the atomic bombing of the city of Nagasaki in 1945. It is held three days following the observance of Hiroshima Day.,20250826T1348
199,09/08/2025,09/08/2025,1,,National Day: Singapore,,20250826T1348
200,09/08/2025,09/08/2025,1,,Raksha Bandhan,Raksha Bandhan means bond of protection. This Hindu festival honours the love between brothers and sisters. It is marked by the tying of a rakhi thread by the sister on her brother’s wrist.,20250826T1348
201,11/08/2025,11/08/2025,1,,National Day: Chad,,20250826T1348
,12/08/2025,12/08/2025,1,,International Youth Day ,"International Youth Day gives an opportunity to celebrate and mainstream young peoples’ voices, actions and initiatives, as well as their meaningful, universal and equitable engagement. ",20250826T1348
,12/08/2025,12/08/2025,1,,International Youth Day ,,20250826T1348
,13/08/2025,13/08/2025,1,,Ekka Holiday,Queensland (Brisbane City) regional holiday,20250826T1348
202,15/08/2025,15/08/2025,1,,Feast of the Assumption of the Blessed Virgin Mary,This Christian feast day celebrates the belief that God assumed the Virgin Mary into heaven following her death. The Assumption signals the end of Mary’s earthly life and marks her return to heaven to be reunited with Jesus. ,20250826T1348
203,15/08/2025,15/08/2025,1,,"Independence Day: Congo, Republic of",,20250826T1348
204,15/08/2025,15/08/2025,1,,Independence Day: India,,20250826T1348
205,15/08/2025,15/08/2025,1,,National Day: Liechtenstein,,20250826T1348
206,16/08/2025,16/08/2025,1,,Krishna Janmashtami,"Krishna Janmashtami is one of the most important Hindu festivals. This day celebrates the birthday of Lord Krishna, believed to be the eighth reincarnation of Lord Vishnu, who gave the vital message of the Bhagwat Gita – the guiding principles for every Hindu.",20250826T1348
,16/08/2025,16/08/2025,1,,Krishna Janmashtami (Hinduism),"This festival is one of the most important events in the Hindu calendar. It celebrates the birth of Lord Krishna, a Hindu deity, the eighth avatar of the God Vishnu.",20250826T1348
207,17/08/2025,17/08/2025,1,,National Day: Gabon,,20250826T1348
208,17/08/2025,17/08/2025,1,,Proclamation of Independence: Indonesia,,20250826T1348
209,19/08/2025,19/08/2025,1,,Independence Day: Afghanistan,,20250826T1348
,19/08/2025,19/08/2025,1,,World Humanitarian Day ,,20250826T1348
210,20/08/2025,20/08/2025,1,,Day of the Foundation of the State of Hungary and St Stephen's Day: Hungary,,20250826T1348
211,24/08/2025,24/08/2025,1,,National Day: Ukraine,,20250826T1348
212,25/08/2025,25/08/2025,1,,Australian South Sea Islanders National Recognition Day,"In 1994, the Commonwealth Government recognised Australian South Sea Islanders as a distinct cultural group. A formal Recognition Statement by the Queensland Government followed this in September 2000.",20250826T1348
213,25/08/2025,25/08/2025,1,,Independence Day: Uruguay,,20250826T1348
214,26/08/2025,27/08/2025,2,,Ganesh Chaturthi,Ganesh Chaturthi is a Hindu celebration of the birth of Lord Ganesha.,20250826T1348
216,27/08/2025,27/08/2025,1,,"National Day: Moldova, Republic Of",,20250826T1348
,29/08/2025,29/08/2025,1,,Wear it Purple Day ,,20250826T1348
,29/08/2025,29/08/2025,1,,Wear it Purple Day (Australia),"LGBTIQA+ awareness day – wear it Purple strives to foster supportive, safe, empowering and inclusive environments for rainbow young people. ",20250826T1348
217,31/08/2025,31/08/2025,1,,National Day: Kyrgyzstan,,20250826T1348
218,31/08/2025,31/08/2025,1,,National Day: Malaysia,,20250826T1348
219,31/08/2025,31/08/2025,1,,National Day: Trinidad and Tobago,,20250826T1348
220,01/09/2025,01/09/2025,1,,Constitution Day: Slovak Republic,,20250826T1348
221,01/09/2025,01/09/2025,1,,National Day: Uzbekistan,,20250826T1348
222,02/09/2025,02/09/2025,1,,National Day: Vietnam,,20250826T1348
,03/09/2025,03/09/2025,1,,Indigenous Literacy Day,"Indigenous Literacy Day is a national celebration of culture, stories, language and literacy. This day raises awareness of the disadvantages experienced in remote communities and advocates for more access to literacy resources.",20250826T1348
223,03/09/2025,03/09/2025,1,,National Foundation Day: San Marino,,20250826T1348
224,04/09/2025,05/09/2025,2,,Onam,"Onam is a Hindu harvest festival celebrated predominantly in Kerala, India.",20250826T1348
225,05/09/2025,05/09/2025,1,,Mawlid Al-Nabi (Birth of the Prophet Muhammad),"The Prophet Muhammad’s birthday is commemorated in most Muslim-majority countries. It is usually marked by prayers, carnivals, fairs and public processions.",20250826T1348
226,06/09/2025,06/09/2025,1,,National Day: Eswatini,,20250826T1348
227,07/09/2025,07/09/2025,1,,Independence Day: Brazil,,20250826T1348
228,08/09/2025,08/09/2025,1,,Independence Day: North Macedonia,,20250826T1348
229,08/09/2025,08/09/2025,1,,National Day: Andorra,,20250826T1348
,09/09/2025,09/09/2025,1,,African Union (AU) Day (Africa),AU Day offers an occasion to promote the African Union and its activities all over the African continent and in the world.,20250826T1348
230,09/09/2025,09/09/2025,1,,"National Day: Korea, Democratic People's Republic Of",,20250826T1348
231,09/09/2025,09/09/2025,1,,National Day: Tajikistan,,20250826T1348
232,11/09/2025,11/09/2025,1,,Enkutatash (Ethiopian New Year),Enkutatash is the New Year in Ethiopia and Eritrea.,20250826T1348
233,11/09/2025,11/09/2025,1,,Nayrouz (Coptic New Year),The Nayrouz feast commemorates martyrs and confessors within the Coptic Orthodox Church. The day marks the start of the Coptic new year and its first month.,20250826T1348
,11/09/2025,11/09/2025,1,,R U OK? Day ,,20250826T1348
,11/09/2025,11/09/2025,1,,R U OK? Day (Australia),R U OK? inspire and empower everyone to meaningfully connect with the people around them and start a conversation with anyone who may be struggling with life. ,20250826T1348
,13/09/2025,13/09/2025,1,,Anniversary of the Declaration on the Rights of Indigenous People,"The United Nations Declaration on the Rights of Indigenous Peoples (UNDRIP) was adopted by the General Assembly on Thursday, 13 September 2007.",20250826T1348
234,15/09/2025,15/09/2025,1,,Independence Day: Costa Rica,,20250826T1348
235,15/09/2025,15/09/2025,1,,Independence Day: El Salvador,,20250826T1348
236,15/09/2025,15/09/2025,1,,Independence Day: Guatemala,,20250826T1348
237,15/09/2025,15/09/2025,1,,Independence Day: Honduras,,20250826T1348
238,15/09/2025,15/09/2025,1,,Independence Day: Nicaragua,,20250826T1348
239,16/09/2025,16/09/2025,1,,Independence Day: Papua New Guinea,,20250826T1348
240,16/09/2025,16/09/2025,1,,Proclamation of Independence: Mexico,,20250826T1348
241,17/09/2025,17/09/2025,1,,Australian Citizenship Day,"Australian Citizenship Day was introduced in 2001. It is an opportunity for all Australians to celebrate and value Australian citizenship. In particular, this day recognises the peaceful, prosperous and inclusive society we share. The day invites Australians, whether at home or overseas, to reflect on our role in building our nation and shaping our country's future as proud Australian citizens.",20250826T1348
,18/09/2025,18/09/2025,1,,International Equal Pay Day ,"Celebrated for the first time this 18 September, the Day represents the longstanding efforts towards the achievement of equal pay for work of equal value. ",20250826T1348
242,18/09/2025,18/09/2025,1,,National Day: Chile,,20250826T1348
243,19/09/2025,19/09/2025,1,,Independence Day: Saint Kitts and Nevis,,20250826T1348
244,20/09/2025,20/09/2025,1,,National Day: Nepal,,20250826T1348
245,21/09/2025,21/09/2025,1,,Independence Day: Malta,,20250826T1348
,21/09/2025,21/09/2025,1,,International Day of Peace ,"The International Day of Peace was established in 1981 by the United Nations General Assembly. Two decades later, in 2001, the General Assembly unanimously voted to designate the Day as a period of non-violence and cease-fire.",20250826T1348
246,21/09/2025,21/09/2025,1,,National Day: Armenia,,20250826T1348
247,21/09/2025,21/09/2025,1,,National Day: Belize,,20250826T1348
248,22/09/2025,22/09/2025,1,,Proclamation of Independence: Mali,,20250826T1348
,22/09/2025,24/09/2025,2,,Rosh Hashanah / Jewish New Year (Judaism),"Rosh Hashanah commemorates the creation of the world. A synagogue ritual is the blowing of the Shofar, a ram’s horn trumpet. Work is not permitted.",20250826T1348
249,22/09/2025,24/09/2025,3,,Rosh Hashanah,"Rosh Hashanah is the Jewish New Year festival and commemorates the creation of the world. Customs include the blowing of the Shofar, a ram's horn trumpet, and the dipping of apples in honey as a symbol of the sweet New Year ahead. Work is not permitted on this day.",20250826T1348
,22/09/2025,28/09/2025,6,,National Week of Deaf People (Australia),"The National Week of Deaf People is an opportunity for Deaf people to celebrate their community, language, culture and history; recognise their achievements; and make the public aware of their local, state and national Deaf communities. ",20250826T1348
250,23/09/2025,23/09/2025,1,,National Day: Saudi Arabia,,20250826T1348
251,24/09/2025,24/09/2025,1,,Independence Day: Guinea-Bissau,,20250826T1348
,26/09/2025,26/09/2025,1,,AFL Grand Final Day,Victoria regional holiday,20250826T1348
252,27/09/2025,27/09/2025,1,,National Day: Turkmenistan,,20250826T1348
253,27/09/2025,29/09/2025,3,,Durga Puja,"Durga Puja is an Hindu festival that reveres and pays homage to the Hindu goddess Durga. It is popular and traditionally celebrated in the Indian states of West Bengal, Assam, Odisha and Tripura. It is also observed in Bangladesh and in the Mithilanchal regions of Bihar and Nepal. It is marked with worship rituals, performance arts, gift giving, family visits, feasting and public processions.",20250826T1348
254,29/09/2025,04/10/2025,6,,Dashain,Dashain is the most important festival for Nepalis. It is a celebration of good prevailing over evil.,20250826T1348
255,30/09/2025,30/09/2025,1,,National Day: Botswana,,20250826T1348
256,01/10/2025,01/10/2025,1,,Independence Day: Cyprus,,20250826T1348
257,01/10/2025,01/10/2025,1,,Independence Day: Guinea,,20250826T1348
258,01/10/2025,01/10/2025,1,,Independence Day: Tuvalu,,20250826T1348
,01/10/2025,01/10/2025,1,,International Day of Older Persons ,"Aims to raise awareness of the impact of an aging population and the need to ensure people can grow old with dignity and to elevate consciousness about points which are affecting the aged, like COVID-19, senescence and elder abuse. ",20250826T1348
,01/10/2025,01/10/2025,1,,International Day of Older Persons ,,20250826T1348
259,01/10/2025,01/10/2025,1,,National Day: China,,20250826T1348
260,01/10/2025,01/10/2025,1,,National Day: Nigeria,,20250826T1348
261,01/10/2025,01/10/2025,1,,National Day: Palau,,20250826T1348
,01/10/2025,02/10/2025,1,,Yom Kippur (Judaism),"Also known as Day of Atonement, Yom Kippur is the holiest day of the year for the Jewish people. Characterised by repentance and forgiveness, Jewish people traditionally observe this holy day with fasting and intensive prayer, often spending most of the day in synagogue services.",20250826T1348
262,01/10/2025,02/10/2025,2,,Yom Kippur,This holiest day of the Jewish year is observed with fasting and repentance. Many Jews will refrain from work and attend synagogue services,20250826T1348
,01/10/2025,31/10/2025,30,,Mental Health Month ,,20250826T1348
,02/10/2025,02/10/2025,1,,International Day of Non-Violence ,"The Day is observed on 2 October, the birthday of Mahatma Gandhi, leader of the Indian independence movement and pioneer of the philosophy and strategy of non-violence. ",20250826T1348
263,02/10/2025,02/10/2025,1,,Mahatma Gandhi Jayanti,"This day commemorates Mahatma Gandhi's birthday. It is marked with a prayer for peace, ceremonies and events throughout India. The United Nations has further declared this day the International Day of Non-Violence in honour of Gandhi’s philosophy of non-violence (Ahimsa).",20250826T1348
264,02/10/2025,02/10/2025,1,,Vijay Dashami,"Vijay Dashami or Dussehra marks the triumph of good over evil. The celebration of Dussehra concludes the festival of Navaratri, which extends over several days.",20250826T1348
265,03/10/2025,03/10/2025,1,,Day of German Unity: Germany,,20250826T1348
266,03/10/2025,03/10/2025,1,,National Day: Iraq,,20250826T1348
267,03/10/2025,03/10/2025,1,,"National Foundation Day: Korea, Republic Of",,20250826T1348
268,04/10/2025,04/10/2025,1,,Independence Day: Lesotho,,20250826T1348
269,06/10/2025,06/10/2025,1,,Mid-Autumn (Moon) Festival,"The Mid-Autumn Festival is a popular East and South East Asian celebration of abundance and togetherness. The festival dates back over 3000 years. The traditional food of this festival is the mooncake, which has different variations depending on the country.",20250826T1348
,06/10/2025,06/10/2025,1,,Mid-Autumn (Moon) Festival (East and Southeast Asia),"Mid-Autumn Festival is a celebration of the harvest and the Autumn season at the time of the full moon. This celebration is observed in Australia, mostly by east and southeast Asian people.",20250826T1348
270,06/10/2025,06/10/2025,1,,Tết Trung Thu,"Tết Trung Thu is a traditional Vietnamese festival. It involves watching the moon, a feast and children singing and dancing.",20250826T1348
271,06/10/2025,06/10/2025,1,,Tsukimi,Tsukimi is a special holiday in Japanese culture. It employs the symbolism of the full moon to celebrate togetherness and hopes for good fortune.,20250826T1348
,06/10/2025,06/10/2025,1,,World Cerebral Palsy Day ,"World Cerebral Palsy Day is a movement of people with Cerebral Palsy and their families, and the organisations that support them, in more than 75 countries. ",20250826T1348
272,06/10/2025,08/10/2025,3,,Chuseok,"Chuseok is a special holiday in Korean culture. It is rooted in celebrating good harvest, family and the importance of the full moon as a symbol of harmony and the hope for good fortune.",20250826T1348
273,06/10/2025,13/10/2025,8,,Sukkot,Sukkot is a week-long Jewish holiday that celebrates the fall harvest. This celebration is a lead up to Simchat Torah.,20250826T1348
274,07/10/2025,07/10/2025,1,,Kathina,Marks the end of the retreat practiced by Theravada Buddhist monks during the South East Asian rainy season. Lay Buddhists express their gratitude to monks by giving donations to temples and providing monks with new clothes. Dates vary based on local tradition.,20250826T1348
275,09/10/2025,09/10/2025,1,,Independence Day: Uganda,,20250826T1348
,09/10/2025,09/10/2025,1,,World Sight Day ,World Sight Day is an annual day of awareness to focus global attention on blindness and vision impairment. ,20250826T1348
276,10/10/2025,10/10/2025,1,,National Day: Fiji,,20250826T1348
,10/10/2025,10/10/2025,1,,World Mental Health Day ,"A day for mental health education, awareness and advocacy against social stigma. Mental Health Week is celebrated in Australia around this date, with each state adopting their own theme and holding events.",20250826T1348
,10/10/2025,10/10/2025,1,,World Mental Health Day ,,20250826T1348
277,12/10/2025,12/10/2025,1,,Independence Day: Equatorial Guinea,,20250826T1348
278,12/10/2025,12/10/2025,1,,National Day: Spain,,20250826T1348
279,12/10/2025,12/10/2025,1,,White Sunday,White Sunday is a day when childhood is celebrated in Samoan Christian communities worldwide.,20250826T1348
,12/10/2025,18/10/2025,6,,Anti-Poverty Week ,,20250826T1348
,12/10/2025,18/10/2025,6,,National Carers Week ,,20250826T1348
280,14/10/2025,15/10/2025,2,,Simchat Torah,Simchat Torah is a celebratory Jewish holiday that marks the completion of the annual Torah reading cycle. Simchat Torah means ‘Rejoicing in the Law’ in Hebrew. Special attention is given to children who join the celebrations with flags and singing.,20250826T1348
281,19/10/2025,19/10/2025,1,,National Day: Niue,,20250826T1348
282,20/10/2025,20/10/2025,1,,Deepavali,"Deepavali is also known as Diwali, Tihar and the Festival of Lights. It celebrates the victory of good over evil, light over darkness and knowledge over ignorance.",20250826T1348
,20/10/2025,20/10/2025,1,,Diwali ,,20250826T1348
,20/10/2025,20/10/2025,1,,Diwali / Deepavali (Festival of Light) ,"Diwali is the five-day festival of lights, celebrated by millions of Hindus, Sikhs and Jains across the world. Diwali is a festival of new beginnings and the triumph of good over evil, and light over darkness.",20250826T1348
283,20/10/2025,20/10/2025,1,,Gurgaddi (Inauguration) of Guru Granth Sahib,"This day commemorates the inauguration of the Sikh holy scripture. It is called the Guru Granth Sahib or Adi Sri Granth Sahib Ji, at the Golden Temple in Amritsar. Sikhs regard and respect the Holy Scripture as their living Guru.",20250826T1348
284,21/10/2025,21/10/2025,1,,Bandi Chhor Divas (The Celebration of Freedom),"Sikhs celebrate Bandi Chhor Divas to mark the release from prison of the sixth guru Sri Guru Hargobind Ji, who also rescued 52 Hindu kings held captive with him. They were held by Mughal Emperor Jehangir in the Gwalior Fort in 1619. Celebrations include lighting oil lamps, candles and fireworks.",20250826T1348
285,22/10/2025,22/10/2025,1,,Bestu Varas (Gujarati New Year),This date is celebrated with enthusiasm across the state of Gujarat. It marks the beginning of the new year for Gujarati people.,20250826T1348
286,22/10/2025,23/10/2025,2,,Birth of the Báb and Birth of Bahá'u'lláh,Two successive holy days that celebrate the births of two central figures in the Baha’i faith. Each day’s worth of celebration starts and ends with the setting of the sun.,20250826T1348
287,23/10/2025,23/10/2025,1,,Bhai Tika,"Bhai Tika is also known as Bhai Dooj, Bhaubeej or Bhai Phonta. It marks the final day of Deepavali or Tihar and is a time to celebrate family relationships.",20250826T1348
288,24/10/2025,24/10/2025,1,,Independence Day: Zambia,,20250826T1348
289,24/10/2025,24/10/2025,1,,United Nations Day,"This date celebrates the entry into force of the United Nations Charter in 1945. The Charter highlights the promotion of peace, human rights and social and economic development globally.",20250826T1348
290,25/10/2025,25/10/2025,1,,Republic Day: Kazakhstan,,20250826T1348
291,26/10/2025,26/10/2025,1,,National Day: Austria,,20250826T1348
292,27/10/2025,27/10/2025,1,,National Day: Saint Vincent and the Grenadines,,20250826T1348
293,28/10/2025,28/10/2025,1,,Independence Day: Czech Republic,,20250826T1348
294,28/10/2025,28/10/2025,1,,Oxi Day,"Oxi Day commemorates the rejection by then Greek Prime Minister of the ultimatum made by Axis forces to occupy Greek territory in 1940. The day represents bravery, solidarity and heroism for millions of Greeks all around the world",20250826T1348
295,29/10/2025,29/10/2025,1,,National Day: Türkiye,,20250826T1348
,31/10/2025,31/10/2025,1,,Halloween ,,20250826T1348
296,01/11/2025,01/11/2025,1,,All Saints’ Day,"This Christian day honours saints, known and unknown. Saints are men and women recognised for lives of holiness and devotion to God or who were martyred for their faith.",20250826T1348
297,01/11/2025,01/11/2025,1,,Anniversary of the Revolution: Algeria,,20250826T1348
298,01/11/2025,01/11/2025,1,,National Day: Antigua and Barbuda,,20250826T1348
299,02/11/2025,02/11/2025,1,,All Soul’s Day,This day is a time for all Christians to remember and pray for the souls of the departed.,20250826T1348
,02/11/2025,02/11/2025,1,,Day of the Dead (Mexico),"Dia De Los Muertos is a two-day holiday that reunites the living and dead. Families create ofrendas (Offerings) to honour their family members that have passed. The offerings are believed to encourage visits from the land of the dead as the departed souls hear their prayers, smell their foods and join in the celebrations!",20250826T1348
300,02/11/2025,02/11/2025,1,,Dia de los Muertos (Day of the Dead),Dia de los Muertos combines the ancient Aztec custom of celebrating ancestors with All Souls' Day. This Day is a holiday that Spanish invaders brought to Mexico starting in the early 1500s.,20250826T1348
301,03/11/2025,03/11/2025,1,,Independence Day: Dominica,,20250826T1348
302,03/11/2025,03/11/2025,1,,National Day: Federated States of Micronesia,,20250826T1348
303,03/11/2025,03/11/2025,1,,National Day: Panama,,20250826T1348
,03/11/2025,03/11/2025,1,,Recreation Day,Tasmania regional holiday,20250826T1348
,04/11/2025,04/11/2025,1,,Melbourne Cup Day,Victoria regional holiday,20250826T1348
304,04/11/2025,04/11/2025,1,,National Day: Tonga,,20250826T1348
305,05/11/2025,05/11/2025,1,,Guru Nanak Gurpurab,"This day commemorates the birth of Guru Nanak Sahib, the founder of Sikhism and the first Sikh Guru.",20250826T1348
306,05/11/2025,05/11/2025,1,,Loy Krathong,"Loy Krathong takes place on the night of the full moon of the 12th month of the Thai lunar calendar. During the festival, many Thai communities float small lantern boats of offerings as tokens of gratitude toward the Goddess of Water and to seek her forgiveness.",20250826T1348
307,09/11/2025,09/11/2025,1,,Independence Day: Cambodia,,20250826T1348
,10/11/2025,16/11/2025,6,,National Recycling Week ,,20250826T1348
308,11/11/2025,11/11/2025,1,,National Day: Angola,,20250826T1348
309,11/11/2025,11/11/2025,1,,Remembrance Day,"Remembrance Day is known in some countries as Armistice Day or Veterans Day. This date marks the end of fighting in the First World War, and is a day is generally marked as a day to remember all those who died or suffered in wars and armed conflicts.",20250826T1348
,11/11/2025,11/11/2025,1,,Remembrance Day ,,20250826T1348
,13/11/2025,13/11/2025,1,,World Kindness Day ,"Provides the opportunity to reflect on, celebrate and promote the positive actions that contribute to a culture of kindness.",20250826T1348
,13/11/2025,19/11/2025,6,,Trans Awareness Week ,"Held in the week leading up to Trans Day of Remembrance, Trans Awareness Week helps raise awareness of trans and gender diverse people, the issues facing these communities, and the ways people can get involved as allies and create a more fair and equal world for everyone.",20250826T1348
310,16/11/2025,16/11/2025,1,,International Day for Tolerance,The United Nations’ International Day for Tolerance fosters mutual understanding among cultures and peoples.,20250826T1348
,16/11/2025,16/11/2025,1,,International Day for Tolerance ,"International Day for Tolerance is observed to ‘affirm that tolerance is neither indulgence nor indifference. It is respect and appreciation of the rich variety of our world’s cultures, our forms of expression and ways of being human’. ",20250826T1348
311,18/11/2025,18/11/2025,1,,National Day: Oman,,20250826T1348
312,18/11/2025,18/11/2025,1,,Proclamation of Independence: Latvia,,20250826T1348
,19/11/2025,19/11/2025,1,,International Men’s Day ,,20250826T1348
313,19/11/2025,19/11/2025,1,,National Day: Monaco,,20250826T1348
,20/11/2025,20/11/2025,1,,Transgender Day of Remembrance ,"Transgender Day of Remembrance honours the memory of trans lives lost to acts of transphobia and discrimination. It is a day of gathering, togetherness, and community solidarity.",20250826T1348
314,22/11/2025,22/11/2025,1,,Independence Day: Lebanon,,20250826T1348
315,24/11/2025,24/11/2025,1,,Shahidi (Martyrdom) of Guru Tegh Bahadur,"On this day in 1675, Guru Tegh Bahadur, the ninth Guru, sacrificed his life to defend the religious freedom of another faith. This was a significant event in Sikh history that profoundly impacted the future direction of Sikhism.",20250826T1348
316,25/11/2025,25/11/2025,1,,Independence Day: Suriname,,20250826T1348
,25/11/2025,25/11/2025,1,,International Day for the Elimination of Violence Against Women ,"Women's rights activists have observed 25 November as a day against gender-based violence since 1981. This date was selected to honour the Mirabal sisters, three political activists from the Dominican Republic who were brutally murdered in 1960 by order of the country’s ruler, Rafael Trujillo. ",20250826T1348
317,25/11/2025,25/11/2025,1,,Statehood Day: Bosnia and Herzegovina,,20250826T1348
,25/11/2025,11/12/2025,16,,International Day for the Elimination of Violence Against Women ,,20250826T1348
318,27/11/2025,27/11/2025,1,,The Ascension of Abdu'l Baha,"The Ascension of Abdu'l Baha commemorates the passing of Abdu’l-Bahá on 28 November 1921. He was the eldest son of Bahá’u’lláh (the Prophet-Founder of the Baha’i faith). As the date is set according to the Bahai calendar, it is commemorated on 27 November in some years.",20250826T1348
319,28/11/2025,28/11/2025,1,,National Day: Albania,,20250826T1348
320,28/11/2025,28/11/2025,1,,National Day: Mauritania,,20250826T1348
,29/11/2025,29/11/2025,1,,International Day of Solidarity with the Palestinian People ,"In 1977, the General Assembly called for the annual observance of 29 November as the International Day of Solidarity with the Palestinian People. ",20250826T1348
321,30/11/2025,30/11/2025,1,,First Sunday of Advent,"Christians celebrate Advent by lighting advent candles, displaying wreaths and hosting special ceremonies. For Christians, Advent anticipates the celebration of the arrival of Jesus during Christmas, while also anticipating his return.",20250826T1348
322,30/11/2025,30/11/2025,1,,Independence Day: Barbados,,20250826T1348
323,30/11/2025,30/11/2025,1,,St Andrew’s Day,"St Andrew's Day is celebrated annually in Scotland on 30 November to commemorate St Andrew, the patron saint of Scotland since 1320. He is also the patron saint of Romania, Greece, Russia, Ukraine and Poland. The day is usually celebrated with traditional recitations, cuisine, dancing and singing.",20250826T1348
324,01/12/2025,01/12/2025,1,,National Day: Central African Republic,,20250826T1348
325,01/12/2025,01/12/2025,1,,National Day: Romania,,20250826T1348
,01/12/2025,01/12/2025,1,,World AIDS Day ,Raises awareness across the world and in the community about HIV and AIDS. It is a day for the community to show their support for people living with HIV and to commemorate people who have died of AIDS related conditions or other conditions associated with HIV. ,20250826T1348
326,02/12/2025,02/12/2025,1,,National Day: Lao People's Democratic Republic,,20250826T1348
327,02/12/2025,02/12/2025,1,,National Day: United Arab Emirates,,20250826T1348
,03/12/2025,03/12/2025,1,,International Day of People with Disability ,,20250826T1348
,03/12/2025,03/12/2025,1,,International Day of Persons with Disabilities ,"Aims to increase public awareness, understanding and acceptance of people with disability and celebrate their achievements and contributions. ",20250826T1348
,05/12/2025,05/12/2025,1,,International Volunteer Day ,,20250826T1348
328,05/12/2025,05/12/2025,1,,The King's Birthday Anniversary: Thailand,,20250826T1348
329,06/12/2025,06/12/2025,1,,Independence Day: Finland,,20250826T1348
330,08/12/2025,08/12/2025,1,,Bodhi Day,"Bodhi Day commemorates the day Buddha attained enlightenment under a Bodhi tree. It generally falls on the eighth day of the twelfth month of the lunisolar calendar. Mahayana Buddhists in China, Korea and Vietnam celebrate Lunar Bodhi day on the eighth day of the twelfth lunar month. In Japan, Bodhi Day follows the Gregorian calendar and is celebrated on 8 December every year.",20250826T1348
,10/12/2025,10/12/2025,1,,Human Rights Day ,,20250826T1348
,10/12/2025,10/12/2025,1,,Human Rights Day (International),"Human Rights Day is observed every year on 10 December — the day the United Nations General Assembly adopted, in 1948, the Universal Declaration of Human Rights. ",20250826T1348
331,11/12/2025,11/12/2025,1,,National Day: Burkina Faso,,20250826T1348
332,12/12/2025,12/12/2025,1,,Jamhuri Day: Kenya,,20250826T1348
,14/12/2025,22/12/2025,8,,Hanukkah (Festival of Lights) (Judaism),"Also known as Chanukah, the festival commemorates the recapture and rededication by the Jewish people of the Jerusalem Temple.",20250826T1348
,14/12/2025,22/12/2025,8,,Hanukkah begins ,,20250826T1348
333,14/12/2025,22/12/2025,9,,Chanukah,Chanukah or Hanukkah commemorates the recapture and rededication by the Jewish people of the Jerusalem Temple. The festival lasts eight days and nights. An additional candle is lit each night to symbolise the miracle of the cruse of oil that lasted eight days.,20250826T1348
334,16/12/2025,16/12/2025,1,,National Day: Bahrain,,20250826T1348
335,17/12/2025,17/12/2025,1,,National Day: Bhutan,,20250826T1348
336,18/12/2025,18/12/2025,1,,International Migrants Day,"International Migrants Day is a United Nations observance, and calls us to remember and honour the contribution of all migrants, their stories and cultures, to our multicultural nation.",20250826T1348
,18/12/2025,18/12/2025,1,,International Migrants Day ,"On 4 December 2000, the UN General Assembly proclaimed 18 December as International Migrants Day. The day was selected to mark the anniversary of the 1990 adoption of the International Convention on the Protection of the Rights of All Migrant Workers and Members of Their Families. ",20250826T1348
337,18/12/2025,18/12/2025,1,,National Day: Niger,,20250826T1348
338,18/12/2025,18/12/2025,1,,National Day: Qatar,,20250826T1348
339,24/12/2025,24/12/2025,1,,National Day: Libya,,20250826T1348
340,25/12/2025,25/12/2025,1,,Christmas Day,"Christmas is the Christian celebration of the birth of Jesus. Many in Australia celebrate Christmas, regardless of their religious affiliation. Christmas lights and trees are displayed, carols are sung, and individuals come together to exchange gifts and spend time with family and friends.",20250826T1348
,25/12/2025,25/12/2025,1,,Christmas Day (Christianity),"Christmas celebrates the birth of Jesus, peace on earth and goodwill.",20250826T1348
341,26/12/2025,01/01/2026,7,,Kwanzaa,This week-long celebration honours African and African-American cultures. It culminates in a feast and gift-giving. It was first celebrated in 1966.,20250826T1348
342,31/12/2025,31/12/2025,1,,New Year’s Eve,"This date commemorates the arrival of a new year following the Gregorian calendar. New Year’s Eve is a time for communities, families and friends to celebrate the year past and the year to come.",20250826T1348
,,,,,,,
,,,,,,,
,,,,,,,
,,,,,,,
,,,,,,,
,,,,,,,
,,,,,,,
,,,,,,,
